{
	"name": "lazy",
	"version": "0.1.11",
	"title": "jQuery Lazy Image Loader",
	"author":
	{
		"name": "Daniel 'Eisbehr' Kern",
		"url": "http://www.eisbehr.de/"
	},
	"licenses":
	[
		{
			"type": "MIT",
			"url": "http://www.opensource.org/licenses/mit-license.php"
		},
		{
			"type": "GPL v2",
			"url": "http://www.gnu.org/licenses/gpl-2.0.html"
		}
	],
	"dependencies":
	{
		"jquery": ">=1.3.0"
	},
	"description": "The Lazy plugin for jQuery load specified images after the page load itself and speed up your loading time through this. Images outside of the visible area will only get loaded when the user scrolls to them. This will not only increase the page loading speed, it will even decrease your traffic.",
	"keywords":
	[
		"lazy",
		"image",
		"images",
		"loader",
		"load",
		"speed",
		"delay",
		"delayed",
		"pageload"
	],
	"homepage": "http://jquery.eisbehr.de/lazy/",
	"demo": "http://jquery.eisbehr.de/lazy/",
	"bugs": "http://github.com/eisbehr-/jquery.lazy/issues",
	"docs": "http://jquery.eisbehr.de/lazy/",
	"download": "http://jquery.eisbehr.de/lazy/",
	"files":
	[
		"jquery.lazy.js",
		"jquery.lazy.min.js"
	]
}